{"cameraMode":{"drawMode":0,"name":"Shaded","section":"Shading Mode"},"sceneLighting":true,"audioPlay":false,"sceneViewState":{"showFog":true,"showMaterialUpdate":false,"showSkybox":true,"showFlares":true,"showImageEffects":true,"showParticleSystems":true},"in2DMode":false,"pivot":{"x":-5.405633926391602,"y":-2.146261215209961,"z":15.030914306640625},"rotation":{"x":0.016794569790363313,"y":-0.04317127913236618,"z":0.000708739913534373,"w":0.998957097530365},"size":159.51358032226563,"orthographic":false}