{"cameraMode":{"drawMode":0,"name":"Shaded","section":"Shading Mode"},"sceneLighting":false,"audioPlay":false,"sceneViewState":{"showFog":true,"showMaterialUpdate":false,"showSkybox":false,"showFlares":true,"showImageEffects":true,"showParticleSystems":true},"in2DMode":false,"pivot":{"x":44.520599365234378,"y":-0.0008747628889977932,"z":-7.165639877319336},"rotation":{"x":-0.0005165333859622479,"y":-0.9971545338630676,"z":0.07523749768733978,"w":-0.006874560844153166},"size":5.193538665771484,"orthographic":false}